{
  "Survived": {
    "Pclass": -1.15190787445141,
    "Age": -0.044523569477597856,
    "SibSp": -0.2921919374619869,
    "Parch": 0.247840608405852,
    "Fare": 0.0033049733582438817,
    "intercept": 3.396899248208658
  }
}